{"cameraMode":{"drawMode":0,"name":"Shaded","section":"Shading Mode"},"sceneLighting":false,"audioPlay":false,"sceneViewState":{"showFog":false,"showMaterialUpdate":false,"showSkybox":false,"showFlares":false,"showImageEffects":false,"showParticleSystems":false},"in2DMode":false,"pivot":{"x":0.02729511260986328,"y":0.861084520816803,"z":0.007589578628540039},"rotation":{"x":0.05768729746341705,"y":0.9387902021408081,"z":-0.19451819360256196,"w":0.2784106433391571},"size":1.4517273902893067,"orthographic":false}