{"cameraMode":{"drawMode":0,"name":"Shaded","section":"Shading Mode"},"sceneLighting":true,"audioPlay":false,"sceneViewState":{"showFog":false,"showMaterialUpdate":false,"showSkybox":true,"showFlares":false,"showImageEffects":false,"showParticleSystems":false},"in2DMode":false,"pivot":{"x":45.76721954345703,"y":4.30615234375,"z":-65.6185302734375},"rotation":{"x":0.03404539078474045,"y":0.9592947363853455,"z":-0.24730968475341798,"w":0.13205701112747193},"size":201.99122619628907,"orthographic":false}