{"cameraMode":{"drawMode":0,"name":"Shaded","section":"Shading Mode"},"sceneLighting":false,"audioPlay":false,"sceneViewState":{"showFog":false,"showMaterialUpdate":false,"showSkybox":false,"showFlares":false,"showImageEffects":false,"showParticleSystems":false},"in2DMode":false,"pivot":{"x":0.4171485900878906,"y":17.158918380737306,"z":16.05929946899414},"rotation":{"x":0.05768729746341705,"y":0.9387902021408081,"z":-0.19451819360256196,"w":0.2784106433391571},"size":46.94499969482422,"orthographic":false}